state,district,age_0_5,age_5_17,age_18_greater,total_enrolments
Maharashtra,Thane,28692,13492,958,43142
Bihar,Sitamarhi,20358,18600,2694,41652
Uttar Pradesh,Bahraich,14491,22132,2274,38897
West Bengal,Murshidabad,30593,4290,85,34968
West Bengal,South 24 Parganas,24661,8125,304,33090
Maharashtra,Pune,23622,6404,1122,31148
Karnataka,Bengaluru,20227,6655,3775,30657
Uttar Pradesh,Sitapur,16003,13732,740,30475
Rajasthan,Jaipur,20934,8683,724,30341
Bihar,West Champaran,11373,17772,768,29913
Uttar Pradesh,Agra,15938,12506,901,29345
Bihar,East Champaran,9946,18041,792,28779
Meghalaya,East Khasi Hills,4239,14578,9839,28656
Bihar,Muzaffarpur,13787,13854,657,28298
West Bengal,North 24 Parganas,21205,5668,1347,28220
Uttar Pradesh,Bareilly,16880,9892,585,27357
Bihar,Gaya,6540,19786,434,26760
West Bengal,Uttar Dinajpur,18040,8039,366,26445
Uttar Pradesh,Aligarh,13639,11631,581,25851
Telangana,Hyderabad,19389,5505,666,25560
Bihar,Madhubani,12324,12275,791,25390
Uttar Pradesh,Lucknow,13417,11149,453,25019
Gujarat,Surat,17990,6310,647,24947
Uttar Pradesh,Hardoi,12425,12201,304,24930
Uttar Pradesh,Kanpur Nagar,11177,12433,669,24279
Uttar Pradesh,Kheri,11114,12706,454,24274
Bihar,Patna,6559,16758,744,24061
Uttar Pradesh,Shahjahanpur,12680,10932,442,24054
Bihar,Saran,7401,16040,217,23658
Uttar Pradesh,Meerut,13914,9442,250,23606
Uttar Pradesh,Varanasi,9370,13318,451,23139
Karnataka,Bengaluru Urban,12111,7167,3796,23074
Rajasthan,Alwar,15477,7158,296,22931
Uttar Pradesh,Ghaziabad,11715,10547,392,22654
Madhya Pradesh,Morena,14005,7605,658,22268
Madhya Pradesh,Indore,16493,4963,602,22058
Maharashtra,Nashik,15984,5731,304,22019
Madhya Pradesh,Barwani,12794,8352,667,21813
Rajasthan,Jodhpur,14325,6562,906,21793
Uttar Pradesh,Moradabad,15107,6111,218,21436
Bihar,Bhagalpur,10196,10025,375,20596
Uttar Pradesh,Azamgarh,6570,13367,274,20211
Uttar Pradesh,Rampur,11932,7722,293,19947
Uttar Pradesh,Gorakhpur,7321,11934,420,19675
Bihar,Purnia,11811,7599,183,19593
Delhi,West Delhi,13909,4382,1007,19298
Uttar Pradesh,Unnao,9735,8860,365,18960
Uttar Pradesh,Gautam Buddha Nagar,8896,9259,633,18788
Uttar Pradesh,Saharanpur,13244,5259,98,18601
Gujarat,Ahmedabad,12415,5521,577,18513
Bihar,Samastipur,10838,7532,131,18501
Madhya Pradesh,Gwalior,11981,5566,823,18370
Maharashtra,Mumbai Suburban,12320,4882,779,17981
West Bengal,Paschim Medinipur,13959,3648,150,17757
Uttar Pradesh,Maharajganj,6079,11167,470,17716
Madhya Pradesh,Chhatarpur,11372,5925,367,17664
West Bengal,Nadia,13094,3598,840,17532
Punjab,Ludhiana,12099,4528,830,17457
Bihar,Vaishali,7972,9424,52,17448
Assam,Cachar,11284,4413,1514,17211
Maharashtra,Aurangabad,12199,4805,145,17149
Telangana,K.V. Rangareddy,13244,3603,163,17010
Gujarat,Banaskantha,9665,5707,1629,17001
Rajasthan,Nagaur,11395,5341,207,16943
Gujarat,Rajkot,12163,3704,910,16777
Rajasthan,Bharatpur,10089,6499,175,16763
Uttar Pradesh,Bulandshahr,9024,7446,206,16676
Uttar Pradesh,Bijnor,12591,3781,73,16445
Bihar,Pashchim Champaran,5060,10736,562,16358
Meghalaya,West Khasi Hills,2392,8152,5259,15803
Meghalaya,West Garo Hills,4507,6760,4532,15799
Haryana,Faridabad,12322,3138,321,15781
Bihar,Katihar,10877,4757,113,15747
West Bengal,Malda,11593,3900,84,15577
Uttar Pradesh,Jaunpur,5268,10038,216,15522
West Bengal,Barddhaman,12547,2944,14,15505
Delhi,North West Delhi,11956,3196,349,15501
Rajasthan,Barmer,10246,5081,91,15418
Uttar Pradesh,Budaun,7634,7297,341,15272
West Bengal,Birbhum,13115,2002,107,15224
Bihar,Darbhanga,9633,5466,68,15167
Bihar,Araria,9646,5357,124,15127
Bihar,Nawada,2661,12099,288,15048
Uttar Pradesh,Gonda,7319,7401,326,15046
West Bengal,Hooghly,10892,3794,342,15028
Madhya Pradesh,Khargone,9781,4637,504,14922
Bihar,Siwan,5961,8778,135,14874
Bihar,Purbi Champaran,4000,10071,800,14871
Bihar,Gopalganj,5195,9461,192,14848
Assam,Karimganj,9185,4821,593,14599
Kerala,Malappuram,10146,4079,244,14469
Rajasthan,Udaipur,8409,5825,189,14423
Maharashtra,Mumbai,10421,3805,76,14302
West Bengal,Purba Medinipur,12760,1299,57,14116
Bihar,Nalanda,3527,10452,134,14113
Jharkhand,Giridih,7584,6431,79,14094
Madhya Pradesh,Ujjain,12249,1726,82,14057
Assam,Barpeta,10277,3230,526,14033
Jharkhand,Ranchi,9087,4494,321,13902
Madhya Pradesh,Bhind,8421,4821,635,13877
Uttar Pradesh,Siddharthnagar,4799,8591,394,13784
Rajasthan,Jalor,7689,5715,232,13636
Madhya Pradesh,Sagar,11373,1829,378,13580
Gujarat,Banas Kantha,5991,6718,782,13491
Madhya Pradesh,Jhabua,6552,6556,328,13436
Uttar Pradesh,Pilibhit,8654,4560,209,13423
Assam,Kamrup,9129,3302,981,13412
Delhi,South Delhi,9989,2750,473,13212
Maharashtra,Jalgaon,10346,2560,223,13129
Madhya Pradesh,Satna,11068,1908,128,13104
West Bengal,Puruliya,9540,3378,133,13051
Rajasthan,Bikaner,7352,5488,198,13038
Bihar,Bhojpur,3043,9832,104,12979
Gujarat,Dohad,4960,7306,670,12936
Uttar Pradesh,Allahabad,7062,5801,47,12910
Tamil Nadu,Kancheepuram,9384,3256,67,12707
Madhya Pradesh,Bhopal,11063,1430,154,12647
Bihar,Begusarai,7719,4851,55,12625
Rajasthan,Churu,7783,4652,160,12595
Bihar,Saharsa,6054,6335,201,12590
Assam,Nagaon,8783,3418,388,12589
Madhya Pradesh,Dhar,8607,3517,425,12549
Maharashtra,Dhule,7191,4804,516,12511
Madhya Pradesh,Shivpuri,6979,4728,720,12427
Madhya Pradesh,Jabalpur,10578,1704,101,12383
Assam,Dhubri,8226,3774,362,12362
Uttar Pradesh,Balrampur,4111,7800,234,12145
Uttar Pradesh,Fatehpur,6401,5482,220,12103
Uttar Pradesh,Firozabad,7115,4817,120,12052
Maharashtra,Solapur,9324,2454,249,12027
Gujarat,Vadodara,9041,2389,543,11973
Rajasthan,Ajmer,9023,2724,148,11895
Delhi,North East Delhi,8112,3686,64,11862
Maharashtra,Nanded,9010,2427,330,11767
Uttar Pradesh,Muzaffarnagar,7137,4500,124,11761
Meghalaya,West Jaintia Hills,2374,5584,3793,11751
West Bengal,Dinajpur Uttar,6478,4859,334,11671
Maharashtra,Nagpur,9943,1487,229,11659
Maharashtra,Ahmadnagar,9239,2293,125,11657
Andhra Pradesh,Kurnool,10692,800,24,11516
Uttar Pradesh,Mainpuri,4973,6345,182,11500
Uttar Pradesh,Mathura,5694,5661,128,11483
Assam,Golaghat,5461,3989,1879,11329
Tamil Nadu,Tiruvallur,8589,2621,55,11265
Uttar Pradesh,Sultanpur,5343,5723,132,11198
Uttar Pradesh,Etah,6700,4307,158,11165
West Bengal,Howrah,7941,3059,144,11144
Rajasthan,Sikar,7958,2964,174,11096
Uttar Pradesh,Ghazipur,4221,6775,71,11067
West Bengal,Bankura,8803,2073,150,11026
Rajasthan,Bhilwara,7719,2936,182,10837
Jharkhand,Dhanbad,6736,3970,85,10791
Madhya Pradesh,Katni,8305,2365,116,10786
Bihar,Banka,5945,4669,79,10693
Madhya Pradesh,Rewa,9199,1442,29,10670
Delhi,East Delhi,7978,2439,223,10640
West Bengal,Cooch Behar,7139,3185,246,10570
Maharashtra,Palghar,7220,3157,162,10539
West Bengal,Jalpaiguri,5596,4398,537,10531
Uttar Pradesh,Banda,4761,5494,203,10458
Maharashtra,Nandurbar,7585,2619,236,10440
Uttar Pradesh,Kushinagar,4346,6060,30,10436
Rajasthan,Sirohi,5360,4688,377,10425
Madhya Pradesh,Dewas,8333,1943,91,10367
Assam,Marigaon,6586,2885,811,10282
West Bengal,Kolkata,4927,4556,722,10205
Madhya Pradesh,Vidisha,7855,2178,169,10202
Gujarat,Dahod,5133,3788,1270,10191
Uttar Pradesh,Deoria,4632,5368,113,10113
Maharashtra,Beed,7393,2444,270,10107
Uttar Pradesh,Pratapgarh,5732,4310,56,10098
Bihar,Jamui,5042,4897,159,10098
Bihar,Supaul,5473,4408,155,10036
Gujarat,Bhavnagar,8276,1291,430,9997
Telangana,Mahabubnagar,7549,2413,16,9978
Tamil Nadu,Salem,8184,1532,217,9933
Uttar Pradesh,Basti,4714,5117,80,9911
Tamil Nadu,Chennai,7557,2113,189,9859
Bihar,Aurangabad,2874,6864,72,9810
Uttar Pradesh,Ballia,3949,5738,37,9724
Tamil Nadu,Tiruchirappalli,8224,1491,5,9720
Assam,Goalpara,6741,2180,793,9714
Madhya Pradesh,Guna,7410,2224,65,9699
Tamil Nadu,Madurai,8665,996,37,9698
Madhya Pradesh,Burhanpur,6542,2759,388,9689
Karnataka,Raichur,7463,2002,102,9567
Uttar Pradesh,Rae Bareli,5676,3827,42,9545
Punjab,Amritsar,7536,1761,247,9544
Andhra Pradesh,Guntur,8539,907,34,9480
Tamil Nadu,Vellore,8138,1278,53,9469
Tamil Nadu,Tirunelveli,8080,1341,2,9423
Uttar Pradesh,Chandauli,4317,4915,172,9404
Uttarakhand,Dehradun,7687,1544,134,9365
Madhya Pradesh,Panna,6775,2397,128,9300
Meghalaya,Ri Bhoi,1332,4574,3359,9265
Gujarat,Kachchh,6011,2557,513,9081
Delhi,South West Delhi,6769,1903,353,9025
Uttar Pradesh,Bara Banki,5679,3169,89,8937
Assam,Sonitpur,5300,2657,967,8924
Rajasthan,Pali,6151,2637,118,8906
Madhya Pradesh,Chhindwara,8201,618,47,8866
Gujarat,Patan,5941,2213,712,8866
Tamil Nadu,Coimbatore,6955,1737,42,8734
Chhattisgarh,Bilaspur,7297,1392,19,8708
Bihar,Madhepura,4371,4225,38,8634
Uttar Pradesh,Sambhal,4666,3780,117,8563
Rajasthan,Karauli,5761,2645,109,8515
Tamil Nadu,Cuddalore,7344,1066,44,8454
Jharkhand,Palamu,6391,1947,63,8401
Rajasthan,Dholpur,5595,2600,149,8344
Bihar,Kishanganj,6527,1680,23,8230
Assam,Tinsukia,3755,2816,1623,8194
Madhya Pradesh,Mandsaur,7321,803,24,8148
Maharashtra,Hingoli,6326,1449,370,8145
Madhya Pradesh,Betul,6754,1202,126,8082
Jharkhand,Deoghar,4370,3567,123,8060
Uttar Pradesh,Shamli,5407,2574,57,8038
Uttar Pradesh,Amroha,5502,2448,60,8010
Odisha,Mayurbhanj,6151,1823,34,8008
Assam,Karbi Anglong,2850,4049,1068,7967
Madhya Pradesh,Rajgarh,6381,1535,34,7950
Gujarat,Morbi,5506,1798,646,7950
Andhra Pradesh,Chittoor,7266,638,43,7947
Jharkhand,East Singhbhum,5790,2051,99,7940
Uttar Pradesh,Kanpur Dehat,3966,3765,181,7912
Andhra Pradesh,Visakhapatnam,7433,447,30,7910
Bihar,Khagaria,4167,3653,67,7887
Madhya Pradesh,Ratlam,6376,1433,75,7884
Uttar Pradesh,Ambedkar Nagar,3777,4021,49,7847
Bihar,Rohtas,2623,4974,76,7673
Karnataka,Belagavi,6912,614,112,7638
Bihar,Kaimur (Bhabua),2924,4614,84,7622
Uttar Pradesh,Mirzapur,3481,4043,8,7532
Odisha,Ganjam,6560,961,9,7530
Andhra Pradesh,East Godavari,6997,497,10,7504
Madhya Pradesh,Raisen,6129,1219,122,7470
Maharashtra,Yavatmal,5952,1320,198,7470
Maharashtra,Latur,5709,1605,148,7462
Assam,Darrang,4308,1877,1256,7441
Maharashtra,Sangli,5502,1781,132,7415
Telangana,Medak,6036,1350,7,7393
Andhra Pradesh,Prakasam,6204,1126,60,7390
Uttar Pradesh,Mau,2502,4838,44,7384
Rajasthan,Jhunjhunun,5579,1714,84,7377
Gujarat,Kheda,5655,1203,508,7366
Maharashtra,Kolhapur,6324,970,69,7363
Uttar Pradesh,Kaushambi,4294,2981,69,7344
Rajasthan,Kota,5391,1832,104,7327
Haryana,Mewat,6705,538,19,7262
Gujarat,Valsad,5651,1377,223,7251
West Bengal,Darjeeling,3919,2548,770,7237
Tamil Nadu,Thanjavur,5766,1435,20,7221
Uttar Pradesh,Hapur,4386,2758,41,7185
Madhya Pradesh,Sheopur,3740,3264,139,7143
Tamil Nadu,Tiruvannamalai,6438,660,33,7131
Madhya Pradesh,Tikamgarh,5581,1521,28,7130
Assam,Lakhimpur,4646,1800,638,7084
Uttar Pradesh,Amethi,3829,3184,53,7066
Rajasthan,Banswara,4116,2910,29,7055
Uttar Pradesh,Etawah,4085,2831,116,7032
Karnataka,Bagalkot,6048,886,81,7015
Uttar Pradesh,Jhansi,4461,2476,68,7005
Maharashtra,Buldhana,5763,1077,141,6981
Assam,Hojai,5208,1577,155,6940
Kerala,Thrissur,4810,1645,482,6937
Bihar,Buxar,2407,4453,60,6920
Tamil Nadu,Pudukkottai,5246,1637,34,6917
Madhya Pradesh,Alirajpur,3184,3359,369,6912
Assam,Dibrugarh,3788,1634,1464,6886
Rajasthan,Jhalawar,4863,1952,56,6871
Jharkhand,Pakur,3918,2888,45,6851
Madhya Pradesh,Shajapur,5792,1030,18,6840
Karnataka,Bangalore,5618,1202,4,6824
Chhattisgarh,Raipur,6003,763,54,6820
Maharashtra,Amravati,5700,1009,107,6816
Assam,Dhemaji,3814,1833,1156,6803
Karnataka,Yadgir,5284,1392,105,6781
Uttar Pradesh,Faizabad,3953,2812,3,6768
Gujarat,Anand,5439,805,503,6747
Uttar Pradesh,Baghpat,3417,3170,154,6741
Gujarat,Surendra Nagar,4739,1626,332,6697
Madhya Pradesh,Balaghat,6104,534,28,6666
Kerala,Palakkad,5125,1362,165,6652
Jharkhand,Gumla,4055,2505,92,6652
Haryana,Gurgaon,5256,1209,186,6651
Rajasthan,Sawai Madhopur,4518,2043,82,6643
Karnataka,Belgaum,5766,869,2,6637
Kerala,Kozhikode,4532,1900,203,6635
Gujarat,Ahmadabad,4079,2314,240,6633
Tamil Nadu,Villupuram,5724,892,3,6619
Chhattisgarh,Bijapur,3546,1725,1345,6616
Jharkhand,West Singhbhum,4031,2501,48,6580
Andhra Pradesh,Krishna,6002,533,33,6568
Kerala,Thiruvananthapuram,4734,1372,431,6537
Telangana,Nalgonda,5293,1227,10,6530
Uttar Pradesh,Kannauj,3034,3389,99,6522
Chhattisgarh,Bastar,4751,1744,6,6501
Telangana,Nizamabad,5887,574,9,6470
Rajasthan,Dungarpur,3790,2587,53,6430
Uttar Pradesh,Hathras,3776,2561,81,6418
West Bengal,Dakshin Dinajpur,5257,1059,99,6415
Madhya Pradesh,Sehore,5069,1292,54,6415
Karnataka,Dakshina Kannada,5730,510,75,6315
Gujarat,Mahesana,5137,886,290,6313
Jharkhand,Chatra,3440,2806,33,6279
Madhya Pradesh,Singrauli,5427,819,19,6265
Uttar Pradesh,Kasganj,3149,2924,152,6225
Kerala,Ernakulam,4109,1795,320,6224
Madhya Pradesh,Sidhi,5544,655,13,6212
Odisha,Nabarangapur,4127,1973,65,6165
Maharashtra,Parbhani,4961,1000,198,6159
Rajasthan,Baran,4455,1618,77,6150
West Bengal,24 Paraganas North,3177,2458,512,6147
Gujarat,Panchmahals,4705,1097,325,6127
Tamil Nadu,Tiruppur,4969,1071,5,6045
Meghalaya,East Garo Hills,1012,3357,1672,6041
Bihar,Lakhisarai,2599,3364,68,6031
Jharkhand,Sahebganj,3486,2530,15,6031
Chhattisgarh,Balrampur,4454,1493,69,6016
Haryana,Panipat,5429,537,45,6011
Jharkhand,Hazaribagh,3996,1977,31,6004
Madhya Pradesh,Seoni,5481,510,8,5999
Rajasthan,Dausa,4169,1762,48,5979
Jharkhand,Garhwa,4453,1504,14,5971
Gujarat,Jamnagar,4909,791,267,5967
Uttar Pradesh,Sant Kabir Nagar,2664,3268,35,5967
Tamil Nadu,Dindigul,4585,1362,12,5959
Uttarakhand,Udham Singh Nagar,4941,971,18,5930
Madhya Pradesh,Damoh,4957,923,46,5926
Bihar,Munger,2368,3446,102,5916
Madhya Pradesh,Hoshangabad,5095,807,12,5914
Rajasthan,Chittorgarh,3636,2124,128,5888
Tamil Nadu,Erode,4856,1024,6,5886
Uttarakhand,Haridwar,4618,1207,52,5877
Kerala,Kannur,3943,1704,228,5875
Assam,Kamrup Metro,2577,1988,1310,5875
Maharashtra,Satara,5005,707,153,5865
Odisha,Baleswar,4738,1104,4,5846
Madhya Pradesh,Datia,3972,1794,43,5809
Uttar Pradesh,Farrukhabad,2797,2887,79,5763
Andhra Pradesh,Cuddapah,5357,403,2,5762
Andhra Pradesh,West Godavari,5396,334,22,5752
Rajasthan,Tonk,4083,1603,57,5743
Telangana,Karimnagar,5027,674,7,5708
Jharkhand,Bokaro,3434,2238,16,5688
Gujarat,Gir Somnath,4333,968,371,5672
Jharkhand,Dumka,2666,2909,86,5661
Tamil Nadu,Dharmapuri,4708,826,42,5576
Karnataka,Vijayapura,4587,836,92,5515
Maharashtra,Jalna,4564,930,18,5512
Uttar Pradesh,Jalaun,2747,2608,125,5480
Gujarat,Gandhinagar,3949,812,675,5436
Assam,Hailakandi,3698,1400,301,5399
Gujarat,Junagadh,4751,551,92,5394
Rajasthan,Ganganagar,4085,1231,42,5358
Karnataka,Koppal,4634,635,48,5317
Uttar Pradesh,Chitrakoot,2885,2387,14,5286
Tamil Nadu,Virudhunagar,4660,612,11,5283
Andhra Pradesh,Nellore,4524,738,2,5264
Odisha,Kendujhar,4239,991,14,5244
Tamil Nadu,Thoothukkudi,4341,858,3,5202
Madhya Pradesh,Shahdol,4322,817,59,5198
Jharkhand,Godda,3086,2057,17,5160
Madhya Pradesh,Ashok Nagar,3706,1277,167,5150
Madhya Pradesh,Umaria,4225,890,24,5139
Madhya Pradesh,Narsinghpur,3820,1217,91,5128
Maharashtra,Raigarh,4318,800,1,5119
Meghalaya,East Jaintia Hills,982,2347,1780,5109
Punjab,Gurdaspur,4413,550,126,5089
Punjab,Patiala,4258,756,73,5087
Odisha,Balangir,4134,897,56,5087
Haryana,Hisar,4754,278,18,5050
Uttar Pradesh,Shrawasti,1784,3105,149,5038
Tamil Nadu,Viluppuram,4272,764,0,5036
Karnataka,Dharwad,4656,343,17,5016
Odisha,Bargarh,4223,787,2,5012
Gujarat,Sabarkantha,3511,1160,337,5008
Kerala,Kollam,3750,1027,211,4988
Odisha,Cuttack,3935,989,15,4939
Meghalaya,South West Garo Hills,2406,1645,883,4934
Uttar Pradesh,Sonbhadra,2943,1964,13,4920
Tamil Nadu,Krishnagiri,4038,866,7,4911
Madhya Pradesh,Neemuch,4134,758,17,4909
Madhya Pradesh,Mandla,4595,259,5,4859
Chhattisgarh,Raigarh,4200,615,36,4851
Rajasthan,Hanumangarh,3545,1246,41,4832
Karnataka,Bidar,3878,879,60,4817
Rajasthan,Bundi,3371,1305,124,4800
Assam,Jorhat,2800,1099,845,4744
Karnataka,Kalaburagi,4053,597,84,4734
Tamil Nadu,Namakkal,4135,580,9,4724
Karnataka,Davangere,4339,339,44,4722
Bihar,Jehanabad,888,3683,139,4710
Andhra Pradesh,Hyderabad,3723,984,1,4708
Chhattisgarh,Baloda Bazar,4137,535,33,4705
Uttar Pradesh,Lalitpur,3323,1283,72,4678
Maharashtra,Akola,3922,691,49,4662
Manipur,Churachandpur,1238,3251,105,4594
Haryana,Sonipat,4223,264,37,4524
Assam,Kokrajhar,2459,1548,513,4520
Chhattisgarh,Janjgir-Champa,3918,556,1,4475
Madhya Pradesh,Khandwa,3166,1213,82,4461
Jammu And Kashmir,Jammu,3603,810,36,4449
Assam,Udalguri,2569,1289,582,4440
Haryana,Palwal,4106,318,4,4428
Meghalaya,South Garo Hills,568,2412,1446,4426
Odisha,Bhadrak,3301,1108,14,4423
Maharashtra,Chandrapur,3965,371,86,4422
Jammu And Kashmir,Doda,3381,1008,32,4421
West Bengal,Coochbehar,2140,2087,183,4410
Odisha,Kalahandi,3293,1053,63,4409
Rajasthan,Rajsamand,2995,1358,28,4381
Tamil Nadu,Sivaganga,3685,662,20,4367
Karnataka,Gadag,3997,337,20,4354
Uttar Pradesh,Siddharth Nagar,1603,2586,152,4341
Jharkhand,Jamtara,3081,1243,16,4340
Uttar Pradesh,Sant Ravidas Nagar,1819,2493,4,4316
Andhra Pradesh,Anantapur,3990,321,0,4311
Odisha,Koraput,3130,1134,46,4310
Karnataka,Mysuru,3599,454,248,4301
Delhi,North Delhi,3019,1197,78,4294
Karnataka,Chitradurga,3938,311,45,4294
Karnataka,Gulbarga,3585,683,3,4271
Gujarat,Bharuch,3624,502,96,4222
Odisha,Khorda,3419,639,164,4222
Andhra Pradesh,Srikakulam,4039,129,8,4176
Gujarat,Amreli,3359,574,240,4173
Karnataka,Haveri,3834,263,58,4155
Karnataka,Bijapur,3224,914,5,4143
Karnataka,Bellary,3556,585,1,4142
Tamil Nadu,Thiruvarur,3291,801,3,4095
Punjab,Hoshiarpur,3476,394,216,4086
Jharkhand,Seraikela-Kharsawan,2818,1222,29,4069
Gujarat,Chhotaudepur,2188,1294,584,4066
Karnataka,Kolar,3715,305,31,4051
West Bengal,South Twenty Four Parganas,2931,1113,4,4048
Punjab,Jalandhar,3247,717,70,4034
Telangana,Medchal-Malkajgiri,3018,887,106,4011
Chhattisgarh,Rajnandgaon,3629,354,23,4006
Tamil Nadu,Nagapattinam,3229,706,0,3935
Odisha,Sundergarh,3287,627,18,3932
Chhattisgarh,Durg,3365,502,46,3913
Haryana,Karnal,3724,176,7,3907
Tamil Nadu,Ramanathapuram,3232,624,43,3899
Delhi,Central Delhi,2722,986,188,3896
Tamil Nadu,Karur,3255,634,3,3892
Maharashtra,Osmanabad,3182,693,10,3885
Odisha,Kendrapara,3092,730,45,3867
Himachal Pradesh,Kangra,3754,74,20,3848
Uttarakhand,Nainital,3323,448,76,3847
Telangana,Khammam,2746,1064,9,3819
Madhya Pradesh,East Nimar,2293,1482,21,3796
Bihar,Arwal,777,2939,33,3749
Andhra Pradesh,Vizianagaram,3591,151,3,3745
Assam,Nalbari,2598,943,195,3736
Rajasthan,Pratapgarh,2594,1108,18,3720
Punjab,Kapurthala,2044,438,1199,3681
Haryana,Jind,3579,90,0,3669
Uttar Pradesh,Auraiya,2126,1517,17,3660
West Bengal,Alipurduar,1513,1706,438,3657
Jammu And Kashmir,Baramula,3076,511,64,3651
Assam,Baksa,2036,1159,389,3584
Karnataka,Udupi,3313,207,42,3562
Karnataka,Mandya,3353,149,43,3545
Kerala,Kasaragod,2661,790,60,3511
Kerala,Alappuzha,2481,871,127,3479
Chhattisgarh,Korba,2967,485,13,3465
Odisha,Puri,2903,533,4,3440
Chhattisgarh,Surguja,2776,656,6,3438
Meghalaya,South West Khasi Hills,785,1538,1114,3437
Tamil Nadu,Theni,2851,550,1,3402
Karnataka,Uttara Kannada,3140,215,30,3385
Maharashtra,Raigad,2548,730,102,3380
Uttar Pradesh,Hamirpur,1985,1362,25,3372
Haryana,Rohtak,3098,188,61,3347
Haryana,Bhiwani,3155,150,15,3320
Maharashtra,Washim,2974,295,44,3313
Assam,Chirang,1968,1054,264,3286
West Bengal,Koch Bihar,2163,1090,10,3263
Kerala,Kottayam,2406,780,52,3238
Jammu And Kashmir,Anantnag,2866,327,34,3227
Haryana,Yamuna Nagar,3108,107,8,3223
Haryana,Sirsa,2996,193,1,3190
Nagaland,Dimapur,1108,1798,276,3182
Madhya Pradesh,Anuppur,2824,344,13,3181
Chhattisgarh,Mahasamund,2620,533,22,3175
Jammu And Kashmir,Srinagar,2770,266,129,3165
Telangana,Bhadradri Kothagudem,2428,664,39,3131
Haryana,Ambala,2963,119,33,3115
Assam,Bongaigaon,2279,616,208,3103
Andhra Pradesh,Ananthapuramu,2930,154,10,3094
Jharkhand,Koderma,2004,1069,11,3084
Odisha,Jagatsinghapur,2756,292,23,3071
Karnataka,Chikkaballapur,2761,288,14,3063
Meghalaya,North Garo Hills,455,1845,753,3053
Bihar,Sheikhpura,1180,1847,19,3046
Bihar,Sheohar,1900,1119,11,3030
Odisha,Rayagada,2358,666,3,3027
Karnataka,Mysore,2801,211,2,3014
Madhya Pradesh,Ashoknagar,1594,1323,94,3011
Odisha,Kandhamal,2563,425,8,2996
West Bengal,Purba Bardhaman,2474,386,128,2988
Chhattisgarh,Kondagaon,1918,1032,9,2959
Karnataka,Tumakuru,2734,157,47,2938
Uttar Pradesh,Mahoba,1921,1006,11,2938
Telangana,Adilabad,2478,457,3,2938
Odisha,Angul,2517,402,13,2932
Karnataka,Ramanagar,2527,375,11,2913
Gujarat,Botad,2276,471,163,2910
Punjab,Tarn Taran,2619,267,19,2905
Punjab,Sas Nagar (Mohali),2349,487,61,2897
Karnataka,Tumkur,2711,184,0,2895
Maharashtra,Mumbai City,2284,444,160,2888
Jharkhand,Ramgarh,1831,1037,11,2879
Telangana,Warangal,2394,475,0,2869
Haryana,Kaithal,2760,85,12,2857
Jharkhand,Lohardaga,1892,902,55,2849
Uttar Pradesh,Prayagraj,1413,1250,181,2844
Maharashtra,Gondiya,2725,101,6,2832
Odisha,Dhenkanal,2313,510,8,2831
Chhattisgarh,Surajpur,2146,678,7,2831
Jammu And Kashmir,Kathua,2514,301,8,2823
Odisha,Malkangiri,2327,486,4,2817
Rajasthan,Jaisalmer,1648,1103,51,2802
Jammu And Kashmir,Kupwara,2322,434,39,2795
West Bengal,Haora,1892,897,2,2791
Karnataka,Bengaluru Rural,1439,730,621,2790
Chhattisgarh,Mungeli,2456,332,2,2790
Jammu And Kashmir,Udhampur,2393,341,11,2745
Tripura,West Tripura,1921,745,71,2737
Uttarakhand,Tehri Garhwal,2392,317,13,2722
Karnataka,Ballari,2393,265,62,2720
Gujarat,Navsari,2406,199,101,2706
Chhattisgarh,Bemetara,2368,298,11,2677
Assam,Sibsagar,1510,502,662,2674
Punjab,Bathinda,2350,289,18,2657
Haryana,Gurugram,1804,625,207,2636
Telangana,Sangareddy,2161,458,11,2630
Haryana,Mahendragarh,2452,150,18,2620
Madhya Pradesh,Dindori,2370,247,1,2618
Chandigarh,Chandigarh,2374,210,33,2617
Karnataka,Bangalore Rural,2216,264,125,2605
Jharkhand,Khunti,1394,1144,45,2583
Jharkhand,Latehar,1654,910,11,2575
Haryana,Jhajjar,2463,98,10,2571
Jammu And Kashmir,Punch,2013,529,17,2559
Telangana,Vikarabad,2056,495,2,2553
Uttar Pradesh,Shravasti,867,1570,98,2535
Haryana,Fatehabad,2431,91,10,2532
Madhya Pradesh,Agar Malwa,2079,418,29,2526
Jammu And Kashmir,Rajouri,1950,565,7,2522
Maharashtra,Ratnagiri,2267,213,32,2512
Gujarat,Mahisagar,1989,389,128,2506
Odisha,Sambalpur,2195,305,1,2501
Gujarat,Porbandar,1976,332,180,2488
Odisha,Jajpur,1949,462,47,2458
Karnataka,Hassan,2299,140,18,2457
Gujarat,Devbhumi Dwarka,1822,413,222,2457
Odisha,Jajapur,1966,471,2,2439
Himachal Pradesh,Mandi,2383,43,10,2436
Gujarat,Sabar Kantha,1079,1196,157,2432
Chhattisgarh,Jashpur,1582,803,1,2386
Haryana,Rewari,2211,147,6,2364
Uttar Pradesh,Barabanki,1393,914,52,2359
Maharashtra,Gadchiroli,2054,265,22,2341
Tamil Nadu,Ariyalur,1876,390,70,2336
Odisha,Nayagarh,2049,264,11,2324
Haryana,Kurukshetra,2227,74,11,2312
Gujarat,Arvalli,1878,314,109,2301
Punjab,Sangrur,2049,197,29,2275
Karnataka,Shimoga,2073,149,0,2222
Tamil Nadu,Kanniyakumari,2084,130,1,2215
Nagaland,Mon,613,1418,170,2201
Karnataka,Shivamogga,1976,180,41,2197
Andhra Pradesh,Spsr Nellore,1167,713,303,2183
Karnataka,Chamrajanagar,1948,212,22,2182
Gujarat,Tapi,1830,198,149,2177
Chhattisgarh,Sukma,1237,796,119,2152
West Bengal,West Midnapore,1621,526,3,2150
Madhya Pradesh,Harda,1703,381,18,2102
Karnataka,Vijayanagara,1794,239,56,2089
Odisha,Nuapada,1676,406,2,2084
West Bengal,East Midnapore,1750,315,4,2069
Tamil Nadu,Perambalur,1842,226,0,2068
Tripura,South Tripura,1266,790,6,2062
Chhattisgarh,Kawardha,1783,244,1,2028
Jharkhand,Simdega,1416,560,13,1989
Telangana,Kamareddy,1838,143,2,1983
Telangana,Suryapet,1692,289,2,1983
Odisha,Gajapati,1632,310,18,1960
Tamil Nadu,Kanyakumari,1838,90,16,1944
Andhra Pradesh,Ananthapur,1789,148,0,1937
Chhattisgarh,Dhamtari,1832,85,3,1920
Kerala,Pathanamthitta,1374,471,71,1916
Maharashtra,Wardha,1800,83,5,1888
Punjab,Fazilka,1617,258,10,1885
Jammu And Kashmir,Ramban,1288,581,5,1874
Assam,West Karbi Anglong,388,980,504,1872
Maharashtra,Bhandara,1801,55,6,1862
Telangana,Siddipet,1665,168,1,1834
Andhra Pradesh,Rangareddi,1445,389,0,1834
Jammu And Kashmir,Pulwama,1695,116,15,1826
Jammu And Kashmir,Badgam,1634,188,1,1823
Uttarakhand,Pauri Garhwal,1635,161,13,1809
Telangana,Jogulamba Gadwal,1471,292,2,1765
West Bengal,Bardhaman,1319,423,3,1745
West Bengal,Maldah,1163,556,0,1719
Tripura,Sepahijala,1100,569,30,1699
Delhi,North East,1292,403,2,1697
Delhi,Shahdara,1119,514,64,1697
Chhattisgarh,Koriya,1204,479,1,1684
Andhra Pradesh,Tirupati,786,672,225,1683
Uttar Pradesh,Ayodhya,1015,633,32,1680
Kerala,Idukki,1372,268,28,1668
Tamil Nadu,The Nilgiris,1245,416,5,1666
Jammu And Kashmir,Reasi,1103,546,9,1658
Telangana,Wanaparthy,1242,391,0,1633
Chhattisgarh,Kanker,1362,268,2,1632
Delhi,New Delhi,914,497,217,1628
Himachal Pradesh,Shimla,1447,157,21,1625
Mizoram,Lawngtlai,1141,378,97,1616
Nagaland,Kohima,555,947,107,1609
Jammu And Kashmir,Bandipore,1256,302,43,1601
West Bengal,North Twenty Four Parganas,1202,393,2,1597
Chhattisgarh,Balod,1527,65,4,1596
Himachal Pradesh,Chamba,1523,64,7,1594
Uttar Pradesh,Kushi Nagar,779,777,14,1570
Andhra Pradesh,Sri Potti Sriramulu Nellore,669,607,286,1562
Telangana,Jagitial,1448,96,9,1553
Nagaland,Tuensang,492,970,84,1546
Telangana,Yadadri.,1337,202,1,1540
Himachal Pradesh,Sirmaur,1454,65,7,1526
Kerala,Wayanad,1260,233,18,1511
Haryana,Nuh,1251,213,42,1506
Punjab,Moga,1310,159,35,1504
Chhattisgarh,Gariyaband,1261,219,6,1486
Andhra Pradesh,Mahabub Nagar,1050,421,0,1471
Manipur,Senapati,747,700,16,1463
Tripura,North Tripura,1026,410,26,1462
Nagaland,Peren,509,842,100,1451
Telangana,Mahabubabad,1206,243,1,1450
Jharkhand,East Singhbum,848,546,53,1447
Odisha,Sonapur,1233,212,1,1446
Gujarat,Surendranagar,771,592,78,1441
Assam,South Salmara Mankachar,1037,354,46,1437
Tripura,Dhalai,761,604,36,1401
Gujarat,Panch Mahals,855,444,100,1399
Andhra Pradesh,Adilabad,1115,279,1,1395
Odisha,Boudh,1154,232,2,1388
Andhra Pradesh,Medak,1152,223,1,1376
Telangana,Nirmal,1263,103,3,1369
Punjab,Ferozepur,1239,111,5,1355
Uttarakhand,Almora,1209,127,8,1344
Telangana,Nagarkurnool,1056,281,2,1339
Haryana,Panchkula,1244,86,5,1335
Gujarat,The Dangs,1062,186,74,1322
Goa,North Goa,1081,145,94,1320
Puducherry,Puducherry,1196,83,32,1311
Punjab,Sri Muktsar Sahib,1152,146,8,1306
Telangana,Narayanpet,1072,218,4,1294
Assam,Biswanath,747,449,76,1272
West Bengal,Paschim Bardhaman,856,317,93,1266
Jammu And Kashmir,Kishtwar,1035,199,6,1240
Tamil Nadu,Chengalpattu,852,314,72,1238
Gujarat,Narmada,1113,95,28,1236
Punjab,Rupnagar,1127,89,12,1228
Tamil Nadu,Tenkasi,1111,113,0,1224
Manipur,Imphal West,634,551,32,1217
Andhra Pradesh,Alluri Sitharama Raju,1064,116,34,1214
Uttarakhand,Pithoragarh,1052,143,9,1204
Himachal Pradesh,Una,1182,21,0,1203
Karnataka,Chickmagalur,1098,99,0,1197
Karnataka,Kodagu,1080,74,41,1195
Himachal Pradesh,Kullu,984,108,102,1194
Madhya Pradesh,Narsimhapur,959,223,0,1182
Assam,Charaideo,653,335,194,1182
Chhattisgarh,Dakshin Bastar Dantewada,987,161,24,1172
Maharashtra,Sindhudurg,1088,55,20,1163
Himachal Pradesh,Hamirpur,1143,15,1,1159
Jammu And Kashmir,Kulgam,924,221,9,1154
Himachal Pradesh,Solan,1071,65,5,1141
Mizoram,Champhai,793,257,89,1139
Andhra Pradesh,Nalgonda,930,207,0,1137
Odisha,Jharsuguda,1041,85,0,1126
Karnataka,Chikkamagaluru,995,93,38,1126
Manipur,Bishnupur,511,554,42,1107
Andhra Pradesh,Khammam,847,259,0,1106
Uttarakhand,Uttarkashi,956,145,5,1106
Manipur,Imphal East,546,548,9,1103
Punjab,Pathankot,1020,67,15,1102
Punjab,Mansa,977,105,19,1101
Telangana,Komaram Bheem,896,184,0,1080
Pondicherry,Pondicherry,1005,69,0,1074
Telangana,Mancherial,901,163,1,1065
Maharashtra,Buldana,950,112,0,1062
Tamil Nadu,Kallakurichi,862,148,37,1047
Uttarakhand,Chamoli,961,77,7,1045
Assam,North Cachar Hills,492,414,137,1043
Nagaland,Phek,308,691,39,1038
Punjab,Fatehgarh Sahib,877,142,13,1032
Manipur,Thoubal,409,604,6,1019
Tamil Nadu,Tirupattur,920,93,2,1015
Mizoram,Aizawl,742,224,47,1013
Andhra Pradesh,Warangal,816,188,0,1004
Telangana,Jangoan,879,125,0,1004
Punjab,Barnala,914,79,8,1001
Telangana,Hanumakonda,888,106,5,999
West Bengal,Dinajpur Dakshin,707,256,34,997
Andhra Pradesh,Annamayya,843,48,104,995
Maharashtra,Chhatrapati Sambhajinagar,403,357,230,990
Chhattisgarh,Gaurella Pendra Marwahi,623,290,70,983
Jharkhand,Purbi Singhbhum,801,170,0,971
Karnataka,Hasan,918,48,0,966
Goa,South Goa,788,108,62,958
Himachal Pradesh,Bilaspur,938,14,0,952
Manipur,Tamenglong,294,622,29,945
West Bengal,Jhargram,726,167,50,943
Uttarakhand,Rudraprayag,858,81,0,939
Andhra Pradesh,Kakinada,825,80,27,932
Telangana,Mulugu,694,233,3,930
Punjab,Shaheed Bhagat Singh Nagar,784,99,39,922
Chhattisgarh,Kabeerdham,822,92,3,917
Andhra Pradesh,N. T. R,772,96,44,912
Andhra Pradesh,Sri Sathya Sai,844,38,19,901
Punjab,Faridkot,785,96,10,891
Andhra Pradesh,Nandyal,842,38,6,886
Nagaland,Longleng,205,633,48,886
Nagaland,Kiphire,160,669,52,881
Arunachal Pradesh,Longding,139,703,36,878
Gujarat,Dang,531,179,162,872
Telangana,Rajanna Sircilla,812,51,3,866
Uttarakhand,Champawat,755,94,1,850
Odisha,Debagarh,753,87,5,845
Punjab,Malerkotla,693,142,7,842
Chhattisgarh,Uttar Bastar Kanker,673,158,8,839
Andhra Pradesh,Palnadu,731,74,25,830
Telangana,Jayashankar Bhupalpally,651,169,4,824
Meghalaya,Eastern West Khasi Hills,3,226,589,818
Odisha,Baleshwar,620,194,0,814
Haryana,Charkhi Dadri,795,19,0,814
Jammu And Kashmir,Ganderbal,741,56,10,807
Jammu And Kashmir,Budgam,740,49,15,804
Arunachal Pradesh,Changlang,477,300,13,790
Andhra Pradesh,Y. S. R,704,52,31,787
West Bengal,Purulia,532,242,1,775
Manipur,Ukhrul,331,409,14,754
Nagaland,Zunheboto,127,576,47,750
Madhya Pradesh,West Nimar,608,133,6,747
Dadra And Nagar Haveli,Dadra And Nagar Haveli,664,70,4,738
Manipur,Chandel,241,487,5,733
Chhattisgarh,Narayanpur,422,303,4,729
Madhya Pradesh,Narmadapuram,601,96,29,726
Uttarakhand,Bageshwar,658,63,2,723
Telangana,Warangal Rural,648,70,2,720
The Dadra And Nagar Haveli And Daman And Diu,Dadra And Nagar Haveli,548,141,27,716
West Bengal,Darjiling,520,188,2,710
Andhra Pradesh,Mahbubnagar,501,207,0,708
Orissa,Khordha,613,94,0,707
Punjab,S.A.S Nagar,493,164,48,705
Telangana,Medchal Malkajgiri,409,265,30,704
Mizoram,Lunglei,519,112,69,700
Chhattisgarh,Dantewada,573,123,0,696
Odisha,Jagatsinghpur,609,67,0,676
Tripura,Gomati,459,203,11,673
Andhra Pradesh,Dr. B. R. Ambedkar Konaseema,604,30,17,651
Telangana,Warangal Urban,575,71,5,651
Jammu And Kashmir,Shupiyan,525,124,1,650
West Bengal,Medinipur West,325,300,20,645
Andhra Pradesh,Karimnagar,541,102,0,643
Mizoram,Saiha,367,176,96,639
Tripura,Unakoti,426,177,25,628
Andhra Pradesh,Eluru,547,45,16,608
Madhya Pradesh,Harda *,495,106,0,601
Tamil Nadu,Thiruvallur,454,132,10,596
Telangana,Peddapalli,507,72,3,582
Odisha,Sundargarh,476,101,0,577
Jharkhand,Pashchimi Singhbhum,329,246,1,576
Jammu And Kashmir,Samba,516,45,9,570
Maharashtra,Bid,430,125,0,555
Nagaland,Wokha,117,407,30,554
Jharkhand,Hazaribag,346,203,0,549
Uttar Pradesh,Bhadohi,259,270,4,533
Andhra Pradesh,Anakapalli,505,11,8,524
Jammu And Kashmir,Kargil,378,138,1,517
Telangana,Medchalâˆ’Malkajgiri,428,86,2,516
Assam,Majuli,345,155,11,511
West Bengal,Kalimpong,168,183,153,504
Andhra Pradesh,Nizamabad,429,69,0,498
Rajasthan,Jalore,298,183,13,494
Tamil Nadu,Mayiladuthurai,429,63,1,493
Ladakh,Kargil,365,120,7,492
Sikkim,West Sikkim,201,252,39,492
West Bengal,24 Paraganas South,364,104,22,490
Odisha,Khordha,378,98,13,489
Andhra Pradesh,Parvathipuram Manyam,449,32,8,489
Nagaland,Mokokchung,132,311,43,486
Andhra Pradesh,Bapatla,413,53,16,482
Karnataka,Davanagere,432,45,0,477
Sikkim,South Sikkim,187,247,25,459
Chhattisgarh,Sakti,370,80,2,452
Odisha,Nabarangpur,327,103,12,442
Arunachal Pradesh,Papum Pare,197,232,5,434
West Bengal,South Dinajpur,366,68,0,434
Madhya Pradesh,Mauganj,365,57,1,423
Orissa,Balangir,323,99,0,422
Assam,Sivasagar,204,113,105,422
Jammu And Kashmir,Shopian,308,84,20,412
Maharashtra,Mumbai( Sub Urban ),334,77,0,411
Puducherry,Karaikal,360,30,12,402
Madhya Pradesh,Maihar,362,19,19,400
Orissa,Ganjam,346,48,0,394
Punjab,Firozpur,345,48,0,393
Odisha,Subarnapur,332,59,0,391
Tamil Nadu,Kanchipuram,277,89,21,387
Orissa,Baleshwar,329,47,0,376
Karnataka,Chamrajnagar,350,24,0,374
Jharkhand,Garhwa *,306,66,0,372
Maharashtra,Ahmednagar,182,158,28,368
Orissa,Bhadrak,328,39,0,367
Sikkim,East,211,147,2,360
Jharkhand,Sahibganj,179,166,0,345
Nagaland,Noklak,68,236,38,342
Rajasthan,Chittaurgarh,270,70,1,341
West Bengal,North Dinajpur,260,78,0,338
Sikkim,East Sikkim,184,135,18,337
Punjab,Muktsar,303,28,0,331
Maharashtra,Ahmed Nagar,265,62,0,327
Orissa,Cuttack,261,56,0,317
Tripura,Khowai,178,95,41,314
Kerala,Kasargod,247,63,0,310
Jharkhand,Kodarma,183,122,0,305
Rajasthan,Jhunjhunu,200,96,0,296
Telangana,Rangareddy,233,59,2,294
Jharkhand,Pakaur,193,98,0,291
Chhattisgarh,Manendragarhâ€“Chirmiriâ€“Bharatpur,187,101,0,288
Telangana,Ranga Reddy,181,93,10,284
Jharkhand,Palamau,213,63,0,276
Mizoram,Kolasib,187,51,35,273
Arunachal Pradesh,West Kameng,155,100,18,273
Punjab,S.A.S Nagar(Mohali),237,35,0,272
Bihar,Purnea,167,88,0,255
Chhattisgarh,Mohla-Manpur-Ambagarh Chouki,159,90,4,253
Assam,Dima Hasao,119,102,27,248
Nagaland,Shamator,3,221,23,247
Karnataka,Chamarajanagar,227,16,0,243
Karnataka,Bagalkot *,212,31,0,243
Chhattisgarh,Khairagarh Chhuikhadan Gandai,173,60,0,233
Andhra Pradesh,Visakhapatanam,186,28,12,226
Orissa,Puri,189,26,0,215
100000,100000,0,1,213,214
Maharashtra,Chatrapati Sambhaji Nagar,114,81,16,211
Karnataka,Ramanagara,168,24,12,204
Sikkim,West,90,108,5,203
Lakshadweep,Lakshadweep,188,10,1,199
Jammu And Kashmir,Leh,157,41,1,199
Karnataka,Bengaluru South,15,176,5,196
Sikkim,South,87,106,1,194
Punjab,Nawanshahr,168,23,0,191
West Bengal,Hugli,144,44,0,188
Andaman And Nicobar Islands,South Andaman,175,12,0,187
Arunachal Pradesh,West Siang,106,78,2,186
Nagaland,Chumukedima,36,96,50,182
Uttar Pradesh,Bulandshahar,112,69,0,181
Chhattisgarh,Sarangarh-Bilaigarh,153,23,3,179
Arunachal Pradesh,East Kameng,87,78,14,179
Orissa,Rayagada,144,33,0,177
Mizoram,Mamit,140,27,3,170
Odisha,Baudh,136,33,0,169
Arunachal Pradesh,East Siang,79,84,2,165
Pondicherry,Karaikal,154,8,0,162
Assam,Sribhumi,110,40,11,161
Himachal Pradesh,Kinnaur,134,21,5,160
Arunachal Pradesh,Lohit,98,58,1,157
Odisha,Anugul,127,27,0,154
Arunachal Pradesh,Tawang,104,42,7,153
Karnataka,Chikmagalur,141,9,0,150
Arunachal Pradesh,Namsai,93,54,1,148
Manipur,Jiribam,53,91,1,145
Karnataka,Gadag *,134,10,0,144
Uttarakhand,Hardwar,115,28,0,143
Maharashtra,Dharashiv,88,28,27,143
Meghalaya,Kamrup,13,71,59,143
Arunachal Pradesh,Upper Subansiri,74,53,12,139
Madhya Pradesh,Niwari,114,15,9,138
Maharashtra,Nandurbar *,103,33,1,137
Orissa,Sundargarh,116,16,0,132
Chhattisgarh,Gaurela-Pendra-Marwahi,110,17,5,132
Rajasthan,Dhaulpur,86,45,0,131
Andaman And Nicobar Islands,North And Middle Andaman,125,4,0,129
Orissa,Dhenkanal,108,18,0,126
Ladakh,Leh,101,13,11,125
Bihar,Purba Champaran,57,64,0,121
Orissa,Koraput,93,25,0,118
Karnataka,Haveri *,110,6,0,116
Tamil Nadu,Ranipet,97,13,1,111
Bihar,Aurangabad(Bh),48,63,0,111
Manipur,Kakching,39,69,1,109
Orissa,Jajapur,91,18,0,109
Arunachal Pradesh,Lower Subansiri,50,55,0,105
Arunachal Pradesh,Lower Dibang Valley,53,48,2,103
Arunachal Pradesh,Siang,39,59,4,102
Orissa,Nayagarh,89,11,0,100
Mizoram,Serchhip,78,16,6,100
Madhya Pradesh,Pandhurna,66,4,28,98
Arunachal Pradesh,Tirap,53,35,1,89
Orissa,Bargarh,81,7,0,88
Dadra And Nagar Haveli And Daman And Diu,Dadra And Nagar Haveli,69,10,8,87
Maharashtra,Raigarh(Mh),70,15,0,85
Andhra Pradesh,Karim Nagar,70,11,0,81
Arunachal Pradesh,Kra Daadi,18,58,4,80
Uttar Pradesh,Jyotiba Phule Nagar,57,22,0,79
Uttar Pradesh,Sant Ravidas Nagar Bhadohi,36,43,0,79
Bihar,Samstipur,39,39,0,78
Telangana,Jangaon,63,14,0,77
Mizoram,Mammit,68,8,0,76
Andaman And Nicobar Islands,Nicobar,63,11,0,74
Andaman & Nicobar Islands,Andamans,68,5,0,73
Arunachal Pradesh,Kurung Kumey,19,42,12,73
Andhra Pradesh,K.V.Rangareddy,54,13,0,67
Rajasthan,Deeg,13,36,12,61
Dadra And Nagar Haveli And Daman And Diu,Daman,49,5,7,61
Jammu & Kashmir,Jammu,50,10,0,60
Sikkim,North Sikkim,43,17,0,60
Haryana,Yamunanagar,56,3,0,59
Daman And Diu,Diu,55,2,0,57
Daman And Diu,Daman,45,11,0,56
Delhi,South East Delhi,42,9,5,56
Assam,Tamulpur District,22,32,0,54
Maharashtra,Gondiya *,50,4,0,54
Uttarakhand,Garhwal,48,4,0,52
Orissa,Kendrapara,47,4,0,51
Orissa,Anugul,41,8,0,49
Bihar,Monghyr,29,20,0,49
Orissa,Kendujhar,39,9,0,48
Jammu & Kashmir,Baramula,42,4,0,46
Orissa,Malkangiri,39,7,0,46
Sikkim,North,34,10,0,44
Arunachal Pradesh,Upper Siang,21,19,1,41
Himachal Pradesh,Lahul & Spiti,35,2,0,37
Andaman & Nicobar Islands,South Andaman,37,0,0,37
Arunachal Pradesh,Anjaw,22,11,3,36
Mizoram,Khawzawl,5,7,22,34
Orissa,Jagatsinghapur,30,4,0,34
Chhattisgarh,Janjgir - Champa,32,1,0,33
Tripura,Dhalai *,28,4,0,32
Orissa,Kandhamal,30,2,0,32
Himachal Pradesh,Lahul And Spiti,30,1,0,31
Bihar,Bhabua,14,17,0,31
Orissa,Mayurbhanj,30,1,0,31
Arunachal Pradesh,Shi-Yomi,8,18,5,31
Arunachal Pradesh,Lower Siang,10,18,3,31
Delhi,Najafgarh,21,9,0,30
Arunachal Pradesh,Kamle,3,25,2,30
Maharashtra,Washim *,26,4,0,30
Nagaland,Tseminyu,7,13,9,29
West Bengal,Medinipur,25,3,0,28
Maharashtra,Gondia,24,4,0,28
Nagaland,Niuland,11,15,2,28
Bihar,Sheikpura,11,16,0,27
Assam,Bajali,18,7,1,26
Orissa,Jharsuguda,25,0,0,25
Dadra & Nagar Haveli,Dadra & Nagar Haveli,22,3,0,25
Chhattisgarh,Janjgir Champa,21,3,0,24
Pondicherry,Yanam,22,2,0,24
Orissa,Sambalpur,20,4,0,24
Karnataka,Chamarajanagar *,23,0,0,23
Sikkim,Namchi,3,6,14,23
Dadra And Nagar Haveli And Daman And Diu,Diu,12,5,4,21
Orissa,Sonapur,20,0,0,20
Uttar Pradesh,Mahrajganj,10,8,0,18
Nagaland,Meluri,2,13,2,17
Andhra Pradesh,K.V. Rangareddy,13,3,0,16
Chhattisgarh,Mohalla-Manpur-Ambagarh Chowki,9,4,0,13
Maharashtra,Ahilyanagar,11,1,0,12
Daman & Diu,Diu,12,0,0,12
Mizoram,Saitual,2,3,7,12
Arunachal Pradesh,Dibang Valley,7,3,0,10
Orissa,Kalahandi,10,0,0,10
Manipur,Pherzawl,1,9,0,10
Daman & Diu,Daman,8,1,0,9
Jammu & Kashmir,Kathua,8,0,0,8
Rajasthan,Deegâ,1,7,0,8
Orissa,Gajapati,8,0,0,8
Orissa,Debagarh,7,0,0,7
Telangana,Warangal (Urban),6,1,0,7
Puducherry,Yanam,6,1,0,7
Westbengal,Hooghly,4,3,0,7
Andhra Pradesh,Mahabubnagar,7,0,0,7
Orissa,Subarnapur,6,0,0,6
Uttar Pradesh,Kushinagar *,5,1,0,6
West Bangal,Hooghly,5,1,0,6
Jammu & Kashmir,Kupwara,5,1,0,6
West Bengal,Hawrah,2,3,0,5
Jammu & Kashmir,Pulwama,4,0,0,4
Arunachal Pradesh,Pakke Kessang,2,1,1,4
Tamil Nadu,Tirupathur,4,0,0,4
West Bangal,Howrah,2,2,0,4
Orissa,Baudh,4,0,0,4
Jammu & Kashmir,Anantnag,3,1,0,4
Meghalaya,Jaintia Hills,4,0,0,4
Karnataka,Bijapur(Kar),3,0,0,3
Sikkim,Mangan,0,2,1,3
Jammu & Kashmir,Srinagar,2,1,0,3
Puducherry,Pondicherry,3,0,0,3
Chandigarh,Rupnagar,3,0,0,3
Himachal Pradesh,Lahaul And Spiti,3,0,0,3
Uttar Pradesh,Raebareli,0,3,0,3
Jammu & Kashmir,Kargil,2,1,0,3
Arunachal Pradesh,Leparada,0,2,1,3
Orissa,Baleswar,2,1,0,3
West Bengal,Burdwan,2,0,0,2
Tamil Nadu,Tuticorin,1,1,0,2
West Bengal,West Medinipur,1,1,0,2
Jammu & Kashmir,Doda,2,0,0,2
Jammu & Kashmir,Bandipur,2,0,0,2
Jammu & Kashmir,Leh (Ladakh),2,0,0,2
Mizoram,Hnahthial,2,0,0,2
Odisha,Anugal,1,1,0,2
West Bengal,South 24 Pargana,1,1,0,2
Orissa,Nuapada,2,0,0,2
Karnataka,Udupi *,2,0,0,2
Jammu & Kashmir,Udhampur,2,0,0,2
Telangana,Medchal?Malkajgiri,1,1,0,2
Rajasthan,Didwana-Kuchaman,2,0,0,2
Goa,Bardez,2,0,0,2
Orissa,Khorda,1,1,0,2
Jharkhand,Bokaro *,2,0,0,2
Delhi,North East *,2,0,0,2
Orissa,Nabarangapur,1,1,0,2
Jammu & Kashmir,Rajauri,1,1,0,2
Tamil Nadu,Namakkal *,0,1,0,1
West Bengal,Hooghiy,1,0,0,1
Andaman & Nicobar Islands,Nicobars,1,0,0,1
West Bengal,East Midnapur,1,0,0,1
Tamil Nadu,Tiruvarur,1,0,0,1
Rajasthan,Beawar,1,0,0,1
Rajasthan,Salumbar,1,0,0,1
Maharashtra,Hingoli *,1,0,0,1
Orissa,Kendrapara *,1,0,0,1
Rajasthan,Balotra,1,0,0,1
Orissa,Sundergarh,0,1,0,1
Haryana,Jhajjar *,0,1,0,1
Jammu & Kashmir,Badgam,0,1,0,1
Uttar Pradesh,Bagpat,0,1,0,1
Jammu & Kashmir,Punch,1,0,0,1
